,image,label
0,081.jpg,4
1,083.jpg,4
2,084.jpg,4
3,085.jpg,4
4,086.jpg,4
5,087.jpg,4
6,088.jpg,4
7,089.jpg,4
8,090.jpg,4
9,091.jpg,4
10,092.jpg,4
11,093.jpg,4
12,094.jpg,4
13,095.jpg,4
14,096.jpg,4
15,097.jpg,4
16,098.jpg,4
17,099.jpg,4
18,100.jpg,4
19,1001.jpg,4
20,1007.jpg,4
21,101.jpg,4
22,1010.jpg,4
23,1011.jpg,4
24,1014.jpg,4
25,537.jpg,4
26,538.jpg,4
27,539.jpg,4
28,540.jpg,4
29,541.jpg,4
30,543.jpg,4
31,544.jpg,4
32,545.jpg,4
33,546.jpg,4
34,547.jpg,4
35,548.jpg,4
36,549.jpg,4
37,550.jpg,4
38,551.jpg,4
39,552.jpg,4
40,554.jpg,4
41,555.jpg,4
42,556.jpg,4
43,557.jpg,4
44,558.jpg,4
45,560.jpg,4
46,561.jpg,4
47,563.jpg,4
48,565.jpg,4
49,566.jpg,4
50,567.jpg,4
51,1331.jpg,4
52,1332.jpg,4
53,1335.jpg,4
54,1337.jpg,4
55,1338.jpg,4
56,1339.jpg,4
57,134.jpg,4
58,1343.jpg,4
59,135.jpg,4
60,1351.jpg,4
61,1353.jpg,4
62,1355.jpg,4
63,1357.jpg,4
64,136.jpg,4
65,1361.jpg,4
66,1362.jpg,4
67,1368.jpg,4
68,137.jpg,4
69,1370.jpg,4
70,1373.jpg,4
71,138.jpg,4
72,356.jpg,4
73,357.jpg,4
74,358.jpg,4
75,359.jpg,4
76,360.jpg,4
77,361.jpg,4
78,362.jpg,4
79,363.jpg,4
80,364.jpg,4
81,365.jpg,4
82,366.jpg,4
83,367.jpg,4
84,368.jpg,4
85,369.jpg,4
86,370.jpg,4
87,371.jpg,4
88,372.jpg,4
89,373.jpg,4
90,374.jpg,4
91,375.jpg,4
92,376.jpg,4
93,377.jpg,4
94,378.jpg,4
95,379.jpg,4
96,380.jpg,4
97,501.jpeg,4
98,502.jpeg,4
99,503.jpeg,4
100,504.jpeg,4
101,505.jpeg,4
102,506.jpeg,4
103,507.jpeg,4
104,508.jpeg,4
105,509.jpeg,4
106,510.jpeg,4
107,512.jpeg,4
108,513.jpeg,4
109,514.jpeg,4
110,515.jpeg,4
111,516.jpeg,4
112,517.jpeg,4
113,518.jpeg,4
114,519.jpeg,4
115,521.jpg,4
116,522.jpg,4
117,523.jpg,4
118,524.jpg,4
119,525.jpg,4
120,526.jpg,4
121,527.jpg,4
122,528.jpg,4
123,529.jpg,4
124,530.jpg,4
125,531.jpg,4
126,532.jpg,4
127,535.jpg,4
128,030.jpg,4
129,051.jpg,4
130,080.jpg,1
131,1017.jpg,1
132,1054.jpg,4
133,1100.jpg,1
134,1151.jpg,0
135,1246.jpg,1
136,1330.jpg,1
137,1382.jpg,1
138,151.jpg,1
139,180.jpg,1
140,223.webp,1
141,240.jpeg,1
142,282.jpg,1
143,326.jpg,1
144,355.jpg,1
145,381.jpg,1
146,405.jpg,1
147,432.jpg,1
148,456.png,1
149,499.jpeg,1
150,536.jpg,1
151,568.jpg,1
152,670.jpg,1
153,739.jpg,1
154,816.jpg,1
155,867.jpg,1
156,927.jpg,1
157,241.jpeg,1
158,242.jpeg,1
159,243.jpeg,1
160,244.jpeg,1
161,246.jpeg,1
162,247.jpeg,1
163,248.png,1
164,249.png,1
165,250.png,1
166,251.jpg,1
167,252.jpg,1
168,253.jpg,1
169,254.jpg,1
170,255.jpg,1
171,256.jpg,1
172,257.jpg,1
173,258.jpg,1
174,259.jpg,1
175,260.jpg,1
176,261.jpg,1
177,262.jpg,1
178,263.jpg,1
179,264.jpg,1
180,265.jpg,1
181,266.jpg,1
182,267.jpg,1
183,268.jpg,1
184,270.jpg,1
185,271.jpg,1
186,272.jpg,1
187,273.jpg,1
188,274.jpg,1
189,275.jpg,1
190,276.jpg,1
191,277.jpg,1
192,278.jpg,1
193,279.jpg,1
194,280.jpg,1
195,281.jpg,1
196,671.jpg,1
197,680.jpg,1
198,681.jpg,1
199,684.jpg,1
200,685.jpg,1
201,686.jpg,1
202,689.jpg,1
203,695.jpg,1
204,699.jpg,1
205,700.jpg,1
206,702.jpg,1
207,703.jpg,1
208,704.jpg,1
209,710.jpg,1
210,711.jpg,1
211,712.jpg,1
212,715.jpg,1
213,717.jpg,1
214,720.jpg,1
215,721.jpg,1
216,722.jpg,1
217,723.jpg,1
218,725.jpg,1
219,727.jpg,1
220,731.jpg,1
221,737.jpg,1
222,181.jpg,1
223,182.jpg,1
224,183.jpg,1
225,184.jpg,1
226,185.jpg,1
227,186.jpg,1
228,187.jpg,1
229,188.jpg,1
230,191.jpg,1
231,192.jpg,1
232,193.jpg,1
233,195.jpg,1
234,197.jpg,1
235,199.jpg,1
236,200.jpg,1
237,201.jpg,1
238,203.jpg,1
239,205.jpg,1
240,206.jpg,1
241,209.jpg,1
242,210.jpg,1
243,212.jpg,1
244,213.jpg,1
245,214.jpg,1
246,215.jpg,1
247,216.jpg,1
248,217.jpg,1
249,218.jpg,1
250,219.jpg,3
251,220.jpg,3
252,221.jpg,3
253,222.jpg,3
254,031.jpg,1
255,032.jpg,1
256,033.jpg,3
257,034.jpg,3
258,035.jpg,1
259,036.jpg,3
260,037.jpg,1
261,038.jpg,3
262,039.jpg,3
263,040.jpg,3
264,041.jpg,3
265,042.jpg,3
266,043.jpg,3
267,044.jpg,3
268,045.jpg,3
269,046.jpg,3
270,047.jpg,0
271,048.jpg,3
272,049.jpg,3
273,050.jpg,3
274,283.jpg,3
275,284.jpg,3
276,285.jpg,3
277,286.jpg,3
278,289.jpg,3
279,290.jpg,3
280,291.jpg,3
281,292.jpg,3
282,293.jpg,3
283,294.jpg,3
284,295.jpg,3
285,296.jpg,3
286,297.jpg,3
287,298.jpg,3
288,299.jpg,3
289,300.jpg,3
290,301.jpg,3
291,302.jpg,3
292,303.jpg,3
293,304.jpg,3
294,305.jpg,3
295,306.jpg,3
296,307.jpg,3
297,308.jpg,3
298,309.jpg,3
299,310.jpg,3
300,311.jpg,3
301,313.jpg,3
302,314.jpg,3
303,315.jpg,3
304,316.jpg,3
305,317.jpg,3
306,318.jpg,3
307,319.jpg,3
308,320.jpg,3
309,321.jpg,3
310,322.jpg,3
311,324.jpg,3
312,325.jpg,3
313,868.jpg,3
314,869.jpg,3
315,870.jpg,3
316,871.jpg,3
317,872.jpg,3
318,873.jpg,3
319,875.jpg,3
320,881.jpg,3
321,882.jpg,3
322,883.jpg,3
323,884.jpg,3
324,889.jpeg,3
325,890.jpeg,3
326,891.jpeg,3
327,892.jpeg,3
328,893.jpeg,3
329,895.jpeg,3
330,897.jpeg,3
331,900.jpeg,3
332,901.jpeg,3
333,903.jpeg,3
334,904.jpeg,3
335,906.jpeg,3
336,910.jpeg,3
337,911.jpeg,3
338,914.jpg,3
339,918.jpg,3
340,919.jpg,3
341,922.jpg,3
342,923.jpg,3
343,924.jpg,3
344,925.jpg,2
345,406.jpg,3
346,407.jpg,3
347,408.jpg,3
348,409.jpg,3
349,410.jpg,3
350,411.jpg,3
351,412.jpg,3
352,413.jpg,3
353,414.jpg,3
354,415.jpg,3
355,416.jpg,3
356,417.jpg,3
357,418.jpg,3
358,419.jpg,3
359,421.jpg,3
360,422.jpg,3
361,423.jpg,3
362,424.jpg,3
363,425.jpg,3
364,427.jpg,3
365,429.jpg,3
366,431.jpg,3
367,1155.jpg,2
368,1157.jpg,3
369,116.jpg,2
370,117.jpg,2
371,1171.jpeg,2
372,1179.jpeg,2
373,118.jpg,2
374,1181.jpeg,2
375,1188.jpeg,2
376,119.jpg,2
377,1192.jpg,2
378,1197.jpg,2
379,1198.jpg,2
380,120.jpg,2
381,1206.jpg,2
382,1208.jpg,2
383,121.jpg,2
384,1211.jpg,2
385,1212.jpg,2
386,1213.jpg,2
387,1215.jpg,2
388,1216.jpg,2
389,1217.jpg,2
390,122.jpg,2
391,1220.jpg,2
392,1222.jpg,2
393,1227.jpg,2
394,1228.jpg,2
395,1229.jpg,2
396,123.jpg,2
397,1231.jpg,2
398,1235.jpg,2
399,1236.jpg,2
400,1238.jpg,2
401,124.jpg,2
402,1019.jpg,2
403,102.jpg,2
404,1021.jpg,2
405,1024.jpg,2
406,1029.jpg,2
407,103.jpg,2
408,1030.jpg,2
409,1032.jpg,2
410,1034.jpg,2
411,104.jpg,2
412,1040.jpg,2
413,1043.jpg,2
414,1044.jpg,2
415,1046.jpg,2
416,105.jpg,2
417,1050.jpg,2
418,1051.jpg,2
419,1052.jpg,2
420,1053.jpg,2
421,457.jpg,2
422,458.jpg,2
423,459.jpg,2
424,460.jpg,2
425,461.jpg,2
426,462.jpg,2
427,463.jpg,2
428,464.jpg,2
429,465.jpg,2
430,466.jpg,2
431,467.jpg,2
432,468.jpg,2
433,469.webp,2
434,470.jpg,2
435,471.jpg,2
436,472.jpg,2
437,473.jpg,2
438,474.jpg,2
439,475.jpg,2
440,476.jpg,2
441,477.jpg,2
442,478.jpg,2
443,479.jpg,2
444,480.jpg,2
445,482.jpg,2
446,483.jpg,2
447,484.jpg,2
448,485.jpg,2
449,487.png,2
450,488.jpg,2
451,489.jpg,2
452,490.jpg,2
453,491.jpg,2
454,492.jpg,2
455,493.jpg,2
456,495.jpg,2
457,496.jpg,2
458,497.jpg,2
459,498.jpg,2
460,152.jpg,2
461,153.jpg,2
462,154.jpg,2
463,155.jpg,2
464,156.jpg,2
465,158.jpg,2
466,159.jpg,2
467,160.jpg,2
468,161.jpg,2
469,162.jpg,2
470,163.jpg,2
471,164.jpg,2
472,165.jpg,2
473,166.jpg,2
474,167.jpg,2
475,168.jpg,2
476,169.jpg,2
477,170.jpg,2
478,171.jpg,2
479,172.jpg,2
480,173.jpg,2
481,174.jpg,2
482,175.jpg,2
483,176.jpg,2
484,177.jpg,2
485,178.jpg,2
486,179.jpg,2
487,1249.jpg,2
488,125.jpg,2
489,1250.jpg,2
490,1251.jpg,2
491,1253.jpg,2
492,126.jpg,2
493,1262.jpg,2
494,1263.jpg,2
495,1265.jpg,2
496,1269.jpg,2
497,127.jpg,2
498,1270.jpg,2
499,1271.jpg,2
500,1273.jpg,2
501,1274.jpg,2
502,1277.jpg,2
503,128.jpg,2
504,1283.jpg,2
505,1289.jpg,2
506,129.jpg,2
507,1294.jpg,2
508,1296.jpg,2
509,1298.jpg,2
510,1299.jpg,2
511,130.jpg,5
512,1300.jpg,2
513,1305.jpg,5
514,1308.jpg,2
515,131.jpg,2
516,1319.jpg,5
517,132.jpg,2
518,1327.jpg,5
519,1328.jpg,2
520,133.jpg,5
521,819.jpg,5
522,820.jpg,5
523,824.jpg,2
524,826.jpg,5
525,830.jpg,5
526,832.jpg,5
527,833.jpg,5
528,834.jpg,5
529,835.jpg,5
530,836.jpg,5
531,837.jpg,5
532,839.jpg,5
533,843.jpg,5
534,844.jpg,0
535,845.jpg,5
536,848.jpg,5
537,849.jpg,5
538,851.jpg,5
539,853.jpg,5
540,854.jpg,5
541,856.jpg,5
542,858.jpg,5
543,860.jpg,5
544,863.jpg,5
545,864.jpg,5
546,865.jpg,5
547,866.jpg,5
548,929.jpg,5
549,932.jpg,5
550,938.jpg,5
551,939.jpg,5
552,940.jpg,5
553,945.jpg,5
554,946.jpg,5
555,955.jpg,5
556,959.jpg,5
557,961.jpg,5
558,970.jpg,5
559,971.jpg,5
560,974.jpg,5
561,975.jpg,5
562,976.jpg,5
563,978.jpg,5
564,979.jpg,5
565,981.jpg,5
566,982.jpg,5
567,987.jpg,5
568,989.jpg,5
569,992.jpg,5
570,995.jpg,5
571,996.jpg,5
572,997.jpg,5
573,998.jpg,5
574,327.jpg,5
575,328.jpg,5
576,329.jpg,5
577,330.jpg,5
578,331.jpg,5
579,332.jpg,5
580,333.jpg,5
581,334.jpg,5
582,335.jpg,5
583,336.jpg,5
584,337.jpg,5
585,338.jpg,5
586,339.jpg,5
587,340.jpg,5
588,341.jpg,5
589,342.jpg,5
590,343.jpg,5
591,344.jpg,5
592,345.jpg,5
593,346.jpg,5
594,347.jpg,5
595,348.jpg,5
596,349.jpg,5
597,350.jpg,5
598,351.jpg,5
599,352.jpg,5
600,353.jpg,5
601,354.jpg,5
602,1055.jpg,5
603,1058.jpg,5
604,1063.png,5
605,1064.jpg,5
606,1066.png,5
607,107.jpg,5
608,1076.jpg,5
609,108.jpg,5
610,1080.jpg,5
611,1084.jpeg,5
612,1086.jpeg,5
613,1087.jpeg,5
614,109.jpg,5
615,1093.jpg,5
616,1095.jpg,5
617,1096.jpg,5
618,1097.jpg,5
619,1098.jpg,5
620,1099.jpg,5
621,110.jpg,5
622,569.jpg,5
623,570.jpg,5
624,579.jpg,5
625,586.jpg,5
626,587.jpg,5
627,589.jpg,5
628,590.jpg,5
629,596.jpg,5
630,600.jpg,5
631,605.jpg,5
632,611.jpg,5
633,612.jpg,5
634,614.jpg,5
635,619.jpg,5
636,636.jpg,5
637,637.jpg,5
638,639.jpg,5
639,643.jpg,5
640,645.jpg,5
641,656.jpg,5
642,658.jpg,5
643,663.jpg,5
644,664.jpg,5
645,665.jpg,5
646,666.jpg,5
647,667.jpg,0
648,668.jpg,5
649,669.jpg,0
650,1384.jpg,0
651,1385.jpg,0
652,1387.jpg,0
653,1389.jpg,0
654,139.jpg,0
655,1390.jpg,0
656,1391.jpg,0
657,1392.jpg,0
658,1393.jpg,0
659,1395.jpg,0
660,1398.jpg,0
661,1399.jpg,0
662,140.jpg,0
663,1400.png,0
664,1401.jpg,0
665,1402.jpg,0
666,141.jpg,0
667,142.jpg,0
668,143.jpg,0
669,145.jpg,0
670,146.jpg,0
671,147.jpg,0
672,148.jpg,0
673,149.jpg,0
674,150.jpg,0
675,224.jpg,0
676,226.png,0
677,227.jpg,0
678,228.jpg,0
679,229.jpg,0
680,230.jpeg,0
681,232.jpeg,0
682,233.jpeg,0
683,234.jpeg,0
684,235.jpeg,0
685,236.jpeg,0
686,237.jpeg,0
687,238.jpeg,0
688,239.jpeg,0
689,742.jpg,0
690,743.jpg,0
691,744.jpg,0
692,752.jpg,0
693,755.jpg,0
694,758.jpg,0
695,763.jpg,0
696,764.jpg,0
697,765.jpg,0
698,775.jpg,0
699,776.jpg,0
700,777.jpg,0
701,783.jpg,0
702,784.jpg,0
703,787.jpg,0
704,788.jpg,0
705,793.jpg,0
706,795.jpg,0
707,796.jpg,0
708,797.jpg,0
709,798.jpg,0
710,803.jpg,0
711,804.jpg,0
712,805.jpg,0
713,809.jpg,0
714,810.jpg,0
715,811.jpg,0
716,812.jpg,0
717,814.jpg,0
718,815.jpg,0
719,382.jpg,0
720,383.jpg,0
721,384.jpg,0
722,385.jpg,0
723,386.jpg,0
724,387.jpg,0
725,388.jpg,0
726,389.jpg,0
727,390.jpg,0
728,392.jpg,0
729,393.jpg,0
730,394.jpg,0
731,395.jpg,0
732,396.jpg,0
733,397.jpg,0
734,398.jpg,0
735,399.jpg,0
736,400.jpg,0
737,401.jpg,0
738,402.jpg,0
739,403.jpg,0
740,404.jpg,0
741,1103.jpg,0
742,1105.jpg,0
743,1115.jpg,0
744,1116.jpg,0
745,1117.jpg,0
746,1118.jpg,0
747,1119.jpg,0
748,1120.jpg,0
749,1121.jpg,0
750,1122.jpg,0
751,1123.jpg,0
752,1125.jpg,0
753,1126.jpg,0
754,113.jpg,0
755,1132.jpg,0
756,1139.jpg,0
757,114.jpg,0
758,1149.jpg,0
759,115.jpg,0
760,052.jpg,0
761,054.jpg,0
762,055.jpg,0
763,056.jpg,0
764,057.jpg,0
765,058.jpg,0
766,061.jpg,0
767,062.jpg,0
768,063.jpg,0
769,064.jpg,0
770,065.jpg,0
771,066.jpg,0
772,067.jpg,0
773,068.jpg,0
774,069.jpg,0
775,070.jpg,0
776,071.jpg,0
777,072.jpg,0
778,073.jpg,0
779,074.jpg,0
780,076.jpg,0
781,077.jpg,0
782,433.jpg,0
783,434.jpg,0
784,435.jpg,0
785,436.jpg,0
786,437.jpg,0
787,438.jpg,0
788,440.jpg,0
789,441.jpg,0
790,442.jpg,0
791,443.jpg,0
792,444.jpg,0
793,445.jpg,0
794,446.jpg,0
795,447.jpg,0
796,448.jpg,0
797,449.jpg,0
798,450.jpg,0
799,451.jpg,0
800,452.jpg,0
801,453.jpg,0
802,454.jpg,0
803,455.jpg,0
804,001.jpg,0
805,002.jpg,0
806,003.jpeg,0
807,004.jpeg,0
808,005.jpeg,0
809,006.jpeg,0
810,007.jpeg,0
811,008.jpeg,0
812,009.jpeg,0
813,010.jpeg,0
814,011.jpeg,0
815,012.jpeg,0
816,013.jpeg,0
817,014.jpeg,0
818,015.jpeg,0
819,016.jpeg,0
820,017.jpg,0
821,018.jpg,0
822,019.jpg,0
823,020.jpg,0
824,021.jpg,0
825,022.jpg,0
826,023.jpg,0
827,024.jpg,0
828,025.jpg,0
829,026.jpg,0
830,027.jpg,0
831,028.jpg,0
832,029.jpg,0
